제품명,브랜드,가격,사이즈,경도,특징,리뷰요약
시몬스 뷰티레스트 플래티넘,시몬스,2200000,퀸,하드,"독립스프링, 진동흡수","허리가 편하다, 소음이 적다"
시몬스 뷰티레스트 블랙,시몬스,2700000,킹,하드,"독립스프링, 고급소재",복원력이 좋고 꺼짐이 없다
템퍼 오리지널,템퍼,2500000,킹,미디엄,"메모리폼, 체압분산","허리 통증 완화, 꺼짐 없음"
템퍼 클라우드 엘리트,템퍼,3000000,퀸,소프트,"메모리폼, 부드러운 쿠션감",몸이 푹신하게 감싸진다
에이스 하이브리드 TECH,에이스,2000000,퀸,미디엄,스프링+폼 하이브리드,"숙면 가능, 복원력 좋음"
에이스 로얄 에이스,에이스,2800000,킹,하드,"고탄성폼, 고급 마감",단단하고 지지력이 좋다
씰리 포스쳐피딕 클래식,씰리,1900000,퀸,미디엄,"스프링, 체압분산","허리 지지력 우수, 가격대비 만족"
씰리 하이브리드 플래티넘,씰리,2600000,킹,하드,"스프링+폼, 진동흡수",무게 이동시 흔들림 적다
현대 리바트 클라우드폼,현대리바트,1500000,퀸,미디엄,"폼, 체압분산",푹신하고 허리가 편하다
현대 리바트 소프트케어,현대리바트,1800000,킹,소프트,"폼, 부드러운 쿠션",몸이 감싸져 편안하다
삼익 슬립케어 에디션,삼익,1300000,퀸,미디엄,"폼, 항균처리",가성비 좋고 깔끔하다
삼익 에코라텍스,삼익,1600000,킹,미디엄,"라텍스, 통기성 우수",여름에도 시원하다
Zinus 그린티 메모리폼,Zinus,800000,퀸,소프트,"메모리폼, 탈취기능",가격대비 푹신하고 무난하다
Zinus 아이클래식,Zinus,1000000,킹,미디엄,스프링+폼 혼합,"지지력 안정적, 냄새 적다"
IKEA HIDRASUND,IKEA,1200000,퀸,미디엄,라텍스+스프링,"자연소재 느낌, 부드럽다"
IKEA VATNESTRÖM,IKEA,1500000,킹,하드,"천연라텍스, 고탄성",단단하고 땀이 덜 찬다
시몬스 네이처스프링,시몬스,1800000,퀸,미디엄,자연소재 커버,피부에 닿는 촉감이 좋다
에이스 네오텍스,에이스,2100000,킹,하드,"고탄성폼, 저소음 스프링","숙면에 도움, 소음 적음"
씰리 포스쳐피딕 퍼포먼스,씰리,2400000,퀸,미디엄,"스프링, 체형지지",허리가 안정적이다
템퍼 슈프림,템퍼,2700000,퀸,소프트,"메모리폼, 고급소재",피로회복에 도움됨
에이스 그랜드슬립,에이스,3000000,킹,하드,"최고급 스프링, 안정성 극대화",지지력이 탁월하다
현대리바트 하모니폼,현대리바트,1700000,퀸,미디엄,"폼소재, 진동흡수",부부 사용에 적합하다
삼익 슈퍼라텍스,삼익,1900000,킹,하드,"라텍스, 쾌적한 통풍",열대야에도 무난하다
Zinus 프리미엄폼,Zinus,900000,퀸,소프트,"폼, 저소음","숙면에 도움, 저소음"
IKEA HÖVÅG,IKEA,1100000,킹,미디엄,포켓스프링,가성비 훌륭함
에이스 모션베드 전용,에이스,3200000,킹,소프트,전동프레임 호환,노약자에 적합
시몬스 뷰티레스트 하모니,시몬스,2600000,킹,미디엄,"친환경소재, 체압분산",몸의 부담을 줄여준다
씰리 하이브리드 얼티밋,씰리,2900000,킹,하드,폼+스프링 하이브리드,지지력과 편안함 조화
템퍼 엘리트 라텍스,템퍼,3100000,퀸,미디엄,라텍스+메모리폼,피로도가 적다
현대리바트 프리미엄케어,현대리바트,2000000,킹,하드,폼+스프링 안정성,복원력 뛰어남
삼익 하이브리드 라텍스,삼익,1800000,퀸,미디엄,폼+라텍스 혼합,부드럽고 통기성 우수
